{"Fid":"cPR5A-foR7C27tvZrwsXMl","Status":3,"AuthToken":"eyJhbGciOiJFUzI1NiIsInR5cCI6IkpXVCJ9.eyJhcHBJZCI6IjE6MTAyMzEzMzcyODg5NDphbmRyb2lkOmYyNWE2NzFmNTE5NGUxZDYxOGQ4MmYiLCJleHAiOjE3NjIwNDgwODgsImZpZCI6ImNQUjVBLWZvUjdDMjd0dlpyd3NYTWwiLCJwcm9qZWN0TnVtYmVyIjoxMDIzMTMzNzI4ODk0fQ.AB2LPV8wRQIhAKOvdnJ4gfhXSB6ndJi4wG-gXy4B1nIgqKbJeVZX05XaAiBmCeLUu_dDCgwbllrFHFUZnvIiseYM-9kWXCAhewu0nw","RefreshToken":"3_AS3qfwKsehVgMiweKqByX1_mfPIjIXXwwqVotqKQ1dcqg2wCsiGefMDfxDv28Wtu7Uu1AZf_E0wwRP3wtGYiSwaAr-j4G7Q1NWJyg5KiinITu1A","TokenCreationEpochInSecs":1761443287,"ExpiresInSecs":604800}