{"Fid":"cAttlQndTfWDz9Q6NGxS48","Status":3,"AuthToken":"eyJhbGciOiJFUzI1NiIsInR5cCI6IkpXVCJ9.eyJhcHBJZCI6IjE6NDEyODI2MTM4NzM1OmFuZHJvaWQ6OGEzMmY3OTFlNDE1NjM0ZjJmZjU5YSIsImV4cCI6MTc2ODIwODc4OSwiZmlkIjoiY0F0dGxRbmRUZldEejlRNk5HeFM0OCIsInByb2plY3ROdW1iZXIiOjQxMjgyNjEzODczNX0.AB2LPV8wRAIgc-ytyA0xBeE3MwuMksylZDX2PsegfevpH5KqAC8nAmsCIA71C71J2AF2av7TjvUmaMGFPU6TBCeWVRXuwcy_PHXV","RefreshToken":"3_AS3qfwL0iXZkRJ9tqwxSOEQiOliSUL5qdANIhLWUe7-r1kSwRCp5_CJ5fUovRVsUTpiE_eKOyzodyTE6qugL3s-vJLJxfypHZclkk3xZQAHnDvs","TokenCreationEpochInSecs":1767603989,"ExpiresInSecs":604800}