{"Fid":"ek1QBE7_Q2GYHa422rhcKr","Status":3,"AuthToken":"eyJhbGciOiJFUzI1NiIsInR5cCI6IkpXVCJ9.eyJhcHBJZCI6IjE6MTAyMzEzMzcyODg5NDphbmRyb2lkOmI3OTc2MjlkZWZkZGFkNzgxOGQ4MmYiLCJleHAiOjE3NzA0MzM5NjksImZpZCI6ImVrMVFCRTdfUTJHWUhhNDIycmhjS3IiLCJwcm9qZWN0TnVtYmVyIjoxMDIzMTMzNzI4ODk0fQ.AB2LPV8wRQIgMbNWSAkryZe_ExSNyXoalY0KT1hxasRvhHMvWmVAI6MCIQClIuf-pAxTo49NLxdJg1yefQ0hQKOjc7MrfnhpRD2v0Q","RefreshToken":"3_AS3qfwIYDwcqIvtKyJLhpYLPU66U5g47IsjryL98gi111QoWhZmnkomjC_m90MTP63pAPorToqzC1ryS1EcMSSxB2PdTgzlbr6igrH5y47KEtUA","TokenCreationEpochInSecs":1769829169,"ExpiresInSecs":604800}