<?xml version='1.0' encoding='utf-8' standalone='yes' ?>
<map>
    <long name="last_upload" value="1767008815674" />
    <long name="first_open_time" value="1767008793816" />
    <string name="gmp_app_id">1:412826138735:android:8a32f791e415634f2ff59a</string>
    <string name="app_instance_id">f8a27b08ca06853dfa2f63e865ac0d9c</string>
    <long name="session_id" value="1767603989" />
    <boolean name="app_backgrounded" value="true" />
    <long name="health_monitor:start" value="1767603989607" />
    <boolean name="use_service" value="true" />
    <boolean name="deferred_analytics_collection" value="false" />
    <long name="last_delete_stale" value="879343616" />
    <string name="default_event_parameters">[{&quot;n&quot;:&quot;sc_session_id&quot;,&quot;v&quot;:&quot;4634065954_95b76d93-ab7b-48a5-911f-172cfc249323&quot;,&quot;t&quot;:&quot;s&quot;}]</string>
    <string name="previous_os_version">15</string>
    <boolean name="has_been_opened" value="true" />
    <boolean name="allow_remote_dynamite" value="true" />
    <long name="last_pause_time" value="1767604056281" />
    <long name="midnight_offset" value="34871348" />
    <boolean name="start_new_session" value="false" />
    <long name="last_upload_attempt" value="0" />
</map>
